{"data": {"tokens": [], "count": 0, "success": true, "timestamp": 1745947900.9589756}, "timestamp": 1745947900.9589756}