{"data": {"tokens": [], "count": 0, "success": true, "timestamp": 1745920409.953616}, "timestamp": 1745920409.953616}