{"data": {"tokens": [], "count": 0, "success": true, "timestamp": 1745942901.8372395}, "timestamp": 1745942901.8372395}