{"data": {"tokens": [], "count": 0, "success": true, "timestamp": 1745942306.947104}, "timestamp": 1745942306.947104}