{"data": {"tokens": [], "count": 0, "success": true, "timestamp": 1745922212.8022804}, "timestamp": 1745922212.8022804}