{"data": {"tokens": [], "count": 0, "success": true, "timestamp": 1745943803.1222918}, "timestamp": 1745943803.1222918}