{"data": {"tokens": [], "count": 0, "success": true, "timestamp": 1745924920.7420652}, "timestamp": 1745924920.7420652}